X,Y,Year,Type,Bands,Bin
20200612,0.37420000000000003,2020,Kmeans,"1,2,3,4",-1
20200617,0.3669,2020,Kmeans,"1,2,3,4",-1
20200627,0.918,2020,Kmeans,"1,2,3,4",-1
20200705,1.5781,2020,Kmeans,"1,2,3,4",-1
20200717,1.4465000000000001,2020,Kmeans,"1,2,3,4",-1
20200722,1.2065,2020,Kmeans,"1,2,3,4",-1
20200730,0.6418,2020,Kmeans,"1,2,3,4",-1
20200811,0.36610000000000004,2020,Kmeans,"1,2,3,4",-1
20200821,0.1337,2020,Kmeans,"1,2,3,4",-1
