X,Y,Year,Type,Bands,Bin
20200612,0.5307000000000001,2020,Kmeans,9,-1
20200617,0.8710000000000001,2020,Kmeans,9,-1
20200627,1.3004,2020,Kmeans,9,-1
20200705,0.9357000000000001,2020,Kmeans,9,-1
20200717,1.5306,2020,Kmeans,9,-1
20200722,1.2821,2020,Kmeans,9,-1
20200730,0.7597999999999999,2020,Kmeans,9,-1
20200811,0.5368,2020,Kmeans,9,-1
20200821,0.1762,2020,Kmeans,9,-1
